id,name,headline,description,published,is_injury_related,link
49561930,Kirk Cousins,"Raiders hold Cousins, Crosby from practice day after scuffle",Raiders quarterback Kirk Cousins and defensive end Maxx Crosby were held out of practice Saturday for disciplinary reasons stemming from their fight on Friday.,2026-08-08T18:34:40Z,False,https://www.espn.com/nfl/story/_/id/49561930/raiders-hold-cousins-crosby-practice-day-scuffle
49434399,Jalen Hurts,"2026 Philadelphia Eagles training camp: Latest intel, updates","Follow our daily updates from Eagles training camp, including intel on QBs, position battles and potential breakouts.",2026-08-08T19:32:40Z,False,https://www.espn.com/nfl/story/_/id/49434399/philadelphia-eagles-training-camp-2026-intel-updates
49427703,Drake Maye,"2026 New England Patriots training camp: Latest intel, updates","Follow our daily updates from Patriots training camp, including intel on QBs, position battles and potential breakouts.",2026-08-08T18:57:16Z,False,https://www.espn.com/nfl/story/_/id/49427703/new-england-patriots-training-camp-2026-intel-updates
49427703,A.J. Brown,"2026 New England Patriots training camp: Latest intel, updates","Follow our daily updates from Patriots training camp, including intel on QBs, position battles and potential breakouts.",2026-08-08T18:57:16Z,False,https://www.espn.com/nfl/story/_/id/49427703/new-england-patriots-training-camp-2026-intel-updates
49427703,Romeo Doubs,"2026 New England Patriots training camp: Latest intel, updates","Follow our daily updates from Patriots training camp, including intel on QBs, position battles and potential breakouts.",2026-08-08T18:57:16Z,False,https://www.espn.com/nfl/story/_/id/49427703/new-england-patriots-training-camp-2026-intel-updates
49562116,Patrick Mahomes,Patrick Mahomes testing knee in Chiefs camp: 'It feels great',"Patrick Mahomes says he has tried to protect his rehabbed knee during practice but that it feels ""great"" and he sometimes doesn't even think about it.",2026-08-08T19:36:54Z,True,https://www.espn.com/nfl/story/_/id/49562116/patrick-mahomes-testing-knee-chiefs-camp-feels-great
49562105,Zay Flowers,Ravens WR Zay Flowers day-to-day after quad contusion,"Ravens wide receiver Zay Flowers suffered a left quad contusion during training camp practice, avoiding a more concerning injury but still one that could sideline him briefly.",2026-08-08T20:12:45Z,True,https://www.espn.com/nfl/story/_/id/49562105/ravens-wr-zay-flowers-day-day-quad-contusion
49426382,Trey McBride,"2026 Arizona Cardinals training camp: Latest intel, updates","Follow our daily updates from Cardinals training camp, including intel on QBs, position battles and potential breakouts.",2026-08-10T02:07:55Z,False,https://www.espn.com/nfl/story/_/id/49426382/arizona-cardinals-training-camp-2026-intel-updates
49426382,Marvin Harrison Jr.,"2026 Arizona Cardinals training camp: Latest intel, updates","Follow our daily updates from Cardinals training camp, including intel on QBs, position battles and potential breakouts.",2026-08-10T02:07:55Z,False,https://www.espn.com/nfl/story/_/id/49426382/arizona-cardinals-training-camp-2026-intel-updates
49426382,Carson Beck,"2026 Arizona Cardinals training camp: Latest intel, updates","Follow our daily updates from Cardinals training camp, including intel on QBs, position battles and potential breakouts.",2026-08-10T02:07:55Z,False,https://www.espn.com/nfl/story/_/id/49426382/arizona-cardinals-training-camp-2026-intel-updates
49426382,Jeremiyah Love,"2026 Arizona Cardinals training camp: Latest intel, updates","Follow our daily updates from Cardinals training camp, including intel on QBs, position battles and potential breakouts.",2026-08-10T02:07:55Z,False,https://www.espn.com/nfl/story/_/id/49426382/arizona-cardinals-training-camp-2026-intel-updates
49376202,Kyler Murray,"2026 Minnesota Vikings training camp: Latest intel, updates","Follow our daily updates from Vikings training camp, including intel on QBs, position battles and potential breakouts.",2026-08-10T02:02:16Z,False,https://www.espn.com/nfl/story/_/id/49376202/minnesota-vikings-training-camp-2026-intel-updates
49376202,J.J. McCarthy,"2026 Minnesota Vikings training camp: Latest intel, updates","Follow our daily updates from Vikings training camp, including intel on QBs, position battles and potential breakouts.",2026-08-10T02:02:16Z,False,https://www.espn.com/nfl/story/_/id/49376202/minnesota-vikings-training-camp-2026-intel-updates
49376202,Justin Jefferson,"2026 Minnesota Vikings training camp: Latest intel, updates","Follow our daily updates from Vikings training camp, including intel on QBs, position battles and potential breakouts.",2026-08-10T02:02:16Z,False,https://www.espn.com/nfl/story/_/id/49376202/minnesota-vikings-training-camp-2026-intel-updates
49376202,Jordan Addison,"2026 Minnesota Vikings training camp: Latest intel, updates","Follow our daily updates from Vikings training camp, including intel on QBs, position battles and potential breakouts.",2026-08-10T02:02:16Z,False,https://www.espn.com/nfl/story/_/id/49376202/minnesota-vikings-training-camp-2026-intel-updates
49448378,Caleb Williams,"2026 Chicago Bears training camp: Latest intel, updates","Follow our daily updates from Bears training camp, including intel on QBs, position battles and potential breakouts.",2026-08-10T01:59:19Z,False,https://www.espn.com/nfl/story/_/id/49448378/chicago-bears-training-camp-2026-intel-updates
49376535,Dak Prescott,"2026 Dallas Cowboys training camp: Latest intel, updates","Follow our daily updates from Cowboys training camp, including intel on QBs, position battles and potential breakouts.",2026-08-09T22:50:14Z,False,https://www.espn.com/nfl/story/_/id/49376535/dallas-cowboys-training-camp-2026-intel-updates
49376535,CeeDee Lamb,"2026 Dallas Cowboys training camp: Latest intel, updates","Follow our daily updates from Cowboys training camp, including intel on QBs, position battles and potential breakouts.",2026-08-09T22:50:14Z,False,https://www.espn.com/nfl/story/_/id/49376535/dallas-cowboys-training-camp-2026-intel-updates
49376535,George Pickens,"2026 Dallas Cowboys training camp: Latest intel, updates","Follow our daily updates from Cowboys training camp, including intel on QBs, position battles and potential breakouts.",2026-08-09T22:50:14Z,False,https://www.espn.com/nfl/story/_/id/49376535/dallas-cowboys-training-camp-2026-intel-updates
49376535,Javonte Williams,"2026 Dallas Cowboys training camp: Latest intel, updates","Follow our daily updates from Cowboys training camp, including intel on QBs, position battles and potential breakouts.",2026-08-09T22:50:14Z,False,https://www.espn.com/nfl/story/_/id/49376535/dallas-cowboys-training-camp-2026-intel-updates
49424976,Justin Herbert,"2026 Los Angeles Chargers training camp: Latest intel, updates","Follow our daily updates from Chargers training camp, including intel on QBs, position battles and potential breakouts.",2026-08-09T21:24:33Z,False,https://www.espn.com/nfl/story/_/id/49424976/los-angeles-chargers-training-camp-2026-intel-updates
49376941,Jordan Love,"2026 Green Bay Packers training camp: Latest intel, updates","Follow our daily updates from Packers training camp, including intel on QBs, position battles and potential breakouts.",2026-08-09T20:54:33Z,False,https://www.espn.com/nfl/story/_/id/49376941/green-bay-packers-training-camp-2026-intel-updates
49376941,Tucker Kraft,"2026 Green Bay Packers training camp: Latest intel, updates","Follow our daily updates from Packers training camp, including intel on QBs, position battles and potential breakouts.",2026-08-09T20:54:33Z,False,https://www.espn.com/nfl/story/_/id/49376941/green-bay-packers-training-camp-2026-intel-updates
49419620,Jahmyr Gibbs,"2026 Detroit Lions training camp: Latest intel, updates","Follow our daily updates from Lions training camp, including intel on QBs, position battles and potential breakouts.",2026-08-09T20:05:54Z,False,https://www.espn.com/nfl/story/_/id/49419620/detroit-lions-training-camp-2026-intel-updates
49419620,Amon-Ra St. Brown,"2026 Detroit Lions training camp: Latest intel, updates","Follow our daily updates from Lions training camp, including intel on QBs, position battles and potential breakouts.",2026-08-09T20:05:54Z,False,https://www.espn.com/nfl/story/_/id/49419620/detroit-lions-training-camp-2026-intel-updates
49419620,Jared Goff,"2026 Detroit Lions training camp: Latest intel, updates","Follow our daily updates from Lions training camp, including intel on QBs, position battles and potential breakouts.",2026-08-09T20:05:54Z,False,https://www.espn.com/nfl/story/_/id/49419620/detroit-lions-training-camp-2026-intel-updates
49419613,Baker Mayfield,"2026 Tampa Bay Buccaneers training camp: Latest intel, updates","Follow our daily updates from Buccaneers training camp, including intel on QBs, position battles and potential breakouts.",2026-08-09T19:38:49Z,False,https://www.espn.com/nfl/story/_/id/49419613/tampa-bay-buccaneers-training-camp-2026-intel-updates
49419613,Emeka Egbuka,"2026 Tampa Bay Buccaneers training camp: Latest intel, updates","Follow our daily updates from Buccaneers training camp, including intel on QBs, position battles and potential breakouts.",2026-08-09T19:38:49Z,False,https://www.espn.com/nfl/story/_/id/49419613/tampa-bay-buccaneers-training-camp-2026-intel-updates
49419824,Cam Ward,"2026 Tennessee Titans training camp: Latest intel, updates","Follow our daily updates from Titans training camp, including intel on QBs, position battles and potential breakouts.",2026-08-10T00:30:12Z,False,https://www.espn.com/nfl/story/_/id/49419824/tennessee-titans-training-camp-2026-intel-updates
49424731,Tyler Shough,"2026 New Orleans Saints training camp: Latest intel, updates","Follow our daily updates from Saints training camp, including intel on QBs, position battles and potential breakouts.",2026-08-09T19:40:59Z,False,https://www.espn.com/nfl/story/_/id/49424731/new-orleans-saints-training-camp-2026-intel-updates
49424731,Travis Etienne,"2026 New Orleans Saints training camp: Latest intel, updates","Follow our daily updates from Saints training camp, including intel on QBs, position battles and potential breakouts.",2026-08-09T19:40:59Z,False,https://www.espn.com/nfl/story/_/id/49424731/new-orleans-saints-training-camp-2026-intel-updates
49424731,Chris Olave,"2026 New Orleans Saints training camp: Latest intel, updates","Follow our daily updates from Saints training camp, including intel on QBs, position battles and potential breakouts.",2026-08-09T19:40:59Z,False,https://www.espn.com/nfl/story/_/id/49424731/new-orleans-saints-training-camp-2026-intel-updates
49424731,Jordyn Tyson,"2026 New Orleans Saints training camp: Latest intel, updates","Follow our daily updates from Saints training camp, including intel on QBs, position battles and potential breakouts.",2026-08-09T19:40:59Z,False,https://www.espn.com/nfl/story/_/id/49424731/new-orleans-saints-training-camp-2026-intel-updates
49569404,Teddy Bridgewater,Dan Campbell: Teddy Bridgewater is going to be missed,Dan Campbell: Teddy Bridgewater is going to be missed,2026-08-09T19:14:44Z,False,https://www.espn.com/video/clip/_/id/49569404/teddy-bridgewater-going-missed
49434567,Lamar Jackson,"2026 Baltimore Ravens training camp: Latest intel, updates","Follow our daily updates from Ravens training camp, including intel on QBs, position battles and potential breakouts.",2026-08-09T18:39:05Z,False,https://www.espn.com/nfl/story/_/id/49434567/baltimore-ravens-training-camp-2026-intel-updates
49434567,Ja'Kobi Lane,"2026 Baltimore Ravens training camp: Latest intel, updates","Follow our daily updates from Ravens training camp, including intel on QBs, position battles and potential breakouts.",2026-08-09T18:39:05Z,False,https://www.espn.com/nfl/story/_/id/49434567/baltimore-ravens-training-camp-2026-intel-updates
49569087,Luther Burden,"Bears WR Luther Burden has groin injury, source says","Bears wide receiver Luther Burden III suffered a groin injury in Saturday's practice and should miss a little bit of time, a source told NFL Network's Ian Rapoport on Sunday.",2026-08-09T19:22:11Z,True,https://www.espn.com/nfl/story/_/id/49569087/bears-wr-luther-burden-groin-injury-source-says
49448214,Daniel Jones,"2026 Indianapolis Colts training camp: Latest intel, updates","Follow our daily updates from Colts training camp, including intel on QBs, position battles and potential breakouts.",2026-08-09T18:32:30Z,False,https://www.espn.com/nfl/story/_/id/49448214/indianapolis-colts-training-camp-2026-intel-updates
49448214,Jonathan Taylor,"2026 Indianapolis Colts training camp: Latest intel, updates","Follow our daily updates from Colts training camp, including intel on QBs, position battles and potential breakouts.",2026-08-09T18:32:30Z,False,https://www.espn.com/nfl/story/_/id/49448214/indianapolis-colts-training-camp-2026-intel-updates
49448120,Joe Burrow,"2026 Cincinnati Bengals training camp: Latest intel, updates","Follow our daily updates from Bengals training camp, including intel on QBs, position battles and potential breakouts.",2026-08-09T17:49:42Z,False,https://www.espn.com/nfl/story/_/id/49448120/cincinnati-bengals-training-camp-2026-intel-updates
49448120,Chase Brown,"2026 Cincinnati Bengals training camp: Latest intel, updates","Follow our daily updates from Bengals training camp, including intel on QBs, position battles and potential breakouts.",2026-08-09T17:49:42Z,False,https://www.espn.com/nfl/story/_/id/49448120/cincinnati-bengals-training-camp-2026-intel-updates
49568593,Teddy Bridgewater,"Teddy Bridgewater leaves Lions to retire again, coach says","Quarterback Teddy Bridgewater is stepping away from the Detroit Lions and is retiring from the NFL, coach Dan Campbell said Sunday.",2026-08-09T19:56:34Z,False,https://www.espn.com/nfl/story/_/id/49568593/teddy-bridgewater-leaves-lions-likely-retire-again-coach-says
49427691,Travis Hunter,"2026 Jacksonville Jaguars training camp: Latest intel, updates","Follow our daily updates from Jaguars training camp, including intel on QBs, position battles and potential breakouts.",2026-08-09T18:40:48Z,False,https://www.espn.com/nfl/story/_/id/49427691/jacksonville-jaguars-training-camp-2026-intel-updates
49427691,Trevor Lawrence,"2026 Jacksonville Jaguars training camp: Latest intel, updates","Follow our daily updates from Jaguars training camp, including intel on QBs, position battles and potential breakouts.",2026-08-09T18:40:48Z,False,https://www.espn.com/nfl/story/_/id/49427691/jacksonville-jaguars-training-camp-2026-intel-updates
49427691,Chris Rodriguez,"2026 Jacksonville Jaguars training camp: Latest intel, updates","Follow our daily updates from Jaguars training camp, including intel on QBs, position battles and potential breakouts.",2026-08-09T18:40:48Z,False,https://www.espn.com/nfl/story/_/id/49427691/jacksonville-jaguars-training-camp-2026-intel-updates
49427691,Parker Washington,"2026 Jacksonville Jaguars training camp: Latest intel, updates","Follow our daily updates from Jaguars training camp, including intel on QBs, position battles and potential breakouts.",2026-08-09T18:40:48Z,False,https://www.espn.com/nfl/story/_/id/49427691/jacksonville-jaguars-training-camp-2026-intel-updates
49564503,Drake Maye,Has Patriots CB Christian Gonzalez found his voice?,"Gonzalez, who is still negotiating a contract extension, is leading by example at training camp.",2026-08-09T11:10:52Z,False,https://www.espn.com/nfl/story/_/id/49564503/new-england-patriots-cb-christian-gonzalez-leadership-field-training-camp
49564503,A.J. Brown,Has Patriots CB Christian Gonzalez found his voice?,"Gonzalez, who is still negotiating a contract extension, is leading by example at training camp.",2026-08-09T11:10:52Z,False,https://www.espn.com/nfl/story/_/id/49564503/new-england-patriots-cb-christian-gonzalez-leadership-field-training-camp
49564317,De'Von Achane,"With De'Von Achane's workload safe, Dolphins sorting out backups' pecking order",Expect Achane to get the workload Dolphins fans have gotten used to. But there's an interesting battle to be his backup.,2026-08-09T10:00:14Z,False,https://www.espn.com/nfl/story/_/id/49564317/dolphins-rbs-devon-achane-heavy-workload-fantasy-ollie-gordon-jaylen-wright
49564317,Ollie Gordon,"With De'Von Achane's workload safe, Dolphins sorting out backups' pecking order",Expect Achane to get the workload Dolphins fans have gotten used to. But there's an interesting battle to be his backup.,2026-08-09T10:00:14Z,False,https://www.espn.com/nfl/story/_/id/49564317/dolphins-rbs-devon-achane-heavy-workload-fantasy-ollie-gordon-jaylen-wright
49427699,Zach Charbonnet,"2026 Seattle Seahawks training camp: Latest intel, updates","Follow our daily updates from Seahawks training camp, including intel on QBs, position battles and potential breakouts.",2026-08-09T05:17:12Z,False,https://www.espn.com/nfl/story/_/id/49427699/seattle-seahawks-training-camp-2026-intel-updates
49427699,Jadarian Price,"2026 Seattle Seahawks training camp: Latest intel, updates","Follow our daily updates from Seahawks training camp, including intel on QBs, position battles and potential breakouts.",2026-08-09T05:17:12Z,False,https://www.espn.com/nfl/story/_/id/49427699/seattle-seahawks-training-camp-2026-intel-updates
49427699,Cooper Kupp,"2026 Seattle Seahawks training camp: Latest intel, updates","Follow our daily updates from Seahawks training camp, including intel on QBs, position battles and potential breakouts.",2026-08-09T05:17:12Z,False,https://www.espn.com/nfl/story/_/id/49427699/seattle-seahawks-training-camp-2026-intel-updates
49427699,Emanuel Wilson,"2026 Seattle Seahawks training camp: Latest intel, updates","Follow our daily updates from Seahawks training camp, including intel on QBs, position battles and potential breakouts.",2026-08-09T05:17:12Z,False,https://www.espn.com/nfl/story/_/id/49427699/seattle-seahawks-training-camp-2026-intel-updates
49419567,C.J. Stroud,"2026 Houston Texans training camp: Latest intel, updates","Follow our daily updates from Houston Texans training camp, including intel on QBs, position battles and potential breakouts.",2026-08-09T04:10:22Z,False,https://www.espn.com/nfl/story/_/id/49419567/houston-texans-training-camp-2026-intel-updates
49434544,Keon Coleman,"2026 Buffalo Bills training camp: Latest intel, updates","Follow our daily updates from Bills training camp, including intel on QBs, position battles and potential breakouts.",2026-08-09T04:04:23Z,False,https://www.espn.com/nfl/story/_/id/49434544/buffalo-bills-training-camp-2026-intel-updates
49434544,Josh Allen,"2026 Buffalo Bills training camp: Latest intel, updates","Follow our daily updates from Bills training camp, including intel on QBs, position battles and potential breakouts.",2026-08-09T04:04:23Z,False,https://www.espn.com/nfl/story/_/id/49434544/buffalo-bills-training-camp-2026-intel-updates
49434544,D.J. Moore,"2026 Buffalo Bills training camp: Latest intel, updates","Follow our daily updates from Bills training camp, including intel on QBs, position battles and potential breakouts.",2026-08-09T04:04:23Z,False,https://www.espn.com/nfl/story/_/id/49434544/buffalo-bills-training-camp-2026-intel-updates
49448429,Tua Tagovailoa,"2026 Atlanta Falcons training camp: Latest intel, updates","Follow our daily updates from Falcons training camp, including intel on QBs, position battles and potential breakouts.",2026-08-09T01:41:39Z,False,https://www.espn.com/nfl/story/_/id/49448429/atlanta-falcons-training-camp-2026-intel-updates
49448429,Michael Penix Jr.,"2026 Atlanta Falcons training camp: Latest intel, updates","Follow our daily updates from Falcons training camp, including intel on QBs, position battles and potential breakouts.",2026-08-09T01:41:39Z,False,https://www.espn.com/nfl/story/_/id/49448429/atlanta-falcons-training-camp-2026-intel-updates
49449169,Aaron Rodgers,"2026 Pittsburgh Steelers training camp: Latest intel, updates","Follow our daily updates from Steelers training camp, including intel on QBs, position battles and potential breakouts.",2026-08-09T02:17:48Z,False,https://www.espn.com/nfl/story/_/id/49449169/pittsburgh-steelers-training-camp-2026-intel-updates
49449169,Roman Wilson,"2026 Pittsburgh Steelers training camp: Latest intel, updates","Follow our daily updates from Steelers training camp, including intel on QBs, position battles and potential breakouts.",2026-08-09T02:17:48Z,False,https://www.espn.com/nfl/story/_/id/49449169/pittsburgh-steelers-training-camp-2026-intel-updates
49449169,DK Metcalf,"2026 Pittsburgh Steelers training camp: Latest intel, updates","Follow our daily updates from Steelers training camp, including intel on QBs, position battles and potential breakouts.",2026-08-09T02:17:48Z,False,https://www.espn.com/nfl/story/_/id/49449169/pittsburgh-steelers-training-camp-2026-intel-updates
49449169,Drew Allar,"2026 Pittsburgh Steelers training camp: Latest intel, updates","Follow our daily updates from Steelers training camp, including intel on QBs, position battles and potential breakouts.",2026-08-09T02:17:48Z,False,https://www.espn.com/nfl/story/_/id/49449169/pittsburgh-steelers-training-camp-2026-intel-updates
49449169,Michael Pittman,"2026 Pittsburgh Steelers training camp: Latest intel, updates","Follow our daily updates from Steelers training camp, including intel on QBs, position battles and potential breakouts.",2026-08-09T02:17:48Z,False,https://www.espn.com/nfl/story/_/id/49449169/pittsburgh-steelers-training-camp-2026-intel-updates
49449169,Mason Rudolph,"2026 Pittsburgh Steelers training camp: Latest intel, updates","Follow our daily updates from Steelers training camp, including intel on QBs, position battles and potential breakouts.",2026-08-09T02:17:48Z,False,https://www.espn.com/nfl/story/_/id/49449169/pittsburgh-steelers-training-camp-2026-intel-updates
49449169,Pat Freiermuth,"2026 Pittsburgh Steelers training camp: Latest intel, updates","Follow our daily updates from Steelers training camp, including intel on QBs, position battles and potential breakouts.",2026-08-09T02:17:48Z,False,https://www.espn.com/nfl/story/_/id/49449169/pittsburgh-steelers-training-camp-2026-intel-updates
49449000,Deshaun Watson,"2026 Cleveland Browns training camp: Latest intel, updates","Follow our daily updates from Browns training camp, including intel on QBs, position battles and potential breakouts.",2026-08-08T22:48:41Z,False,https://www.espn.com/nfl/story/_/id/49449000/cleveland-browns-training-camp-2026-intel-updates
49449000,Shedeur Sanders,"2026 Cleveland Browns training camp: Latest intel, updates","Follow our daily updates from Browns training camp, including intel on QBs, position battles and potential breakouts.",2026-08-08T22:48:41Z,False,https://www.espn.com/nfl/story/_/id/49449000/cleveland-browns-training-camp-2026-intel-updates
49434181,Malik Nabers,"2026 New York Giants training camp: Latest intel, updates","Follow our daily updates from Giants training camp, including intel on QBs, position battles and potential breakouts.",2026-08-08T22:42:28Z,False,https://www.espn.com/nfl/story/_/id/49434181/new-york-giants-training-camp-2026-intel-updates
49434181,Jaxson Dart,"2026 New York Giants training camp: Latest intel, updates","Follow our daily updates from Giants training camp, including intel on QBs, position battles and potential breakouts.",2026-08-08T22:42:28Z,False,https://www.espn.com/nfl/story/_/id/49434181/new-york-giants-training-camp-2026-intel-updates
49434454,Matthew Stafford,"2026 Los Angeles Rams training camp: Latest intel, updates","Follow our daily updates from Rams training camp, including intel on QBs, position battles and potential breakouts.",2026-08-08T21:56:40Z,False,https://www.espn.com/nfl/story/_/id/49434454/los-angeles-rams-training-camp-2026-intel-updates
49434454,Ty Simpson,"2026 Los Angeles Rams training camp: Latest intel, updates","Follow our daily updates from Rams training camp, including intel on QBs, position battles and potential breakouts.",2026-08-08T21:56:40Z,False,https://www.espn.com/nfl/story/_/id/49434454/los-angeles-rams-training-camp-2026-intel-updates
49434454,Kyren Williams,"2026 Los Angeles Rams training camp: Latest intel, updates","Follow our daily updates from Rams training camp, including intel on QBs, position battles and potential breakouts.",2026-08-08T21:56:40Z,False,https://www.espn.com/nfl/story/_/id/49434454/los-angeles-rams-training-camp-2026-intel-updates
49425032,Fernando Mendoza,"2026 Las Vegas Raiders training camp: Latest intel, updates","Follow our daily updates from Raiders training camp, including intel on QBs, position battles and potential breakouts.",2026-08-08T20:48:40Z,False,https://www.espn.com/nfl/story/_/id/49425032/las-vegas-raiders-training-camp-2026-intel-updates
49425032,Kirk Cousins,"2026 Las Vegas Raiders training camp: Latest intel, updates","Follow our daily updates from Raiders training camp, including intel on QBs, position battles and potential breakouts.",2026-08-08T20:48:40Z,False,https://www.espn.com/nfl/story/_/id/49425032/las-vegas-raiders-training-camp-2026-intel-updates
49425032,Brock Bowers,"2026 Las Vegas Raiders training camp: Latest intel, updates","Follow our daily updates from Raiders training camp, including intel on QBs, position battles and potential breakouts.",2026-08-08T20:48:40Z,False,https://www.espn.com/nfl/story/_/id/49425032/las-vegas-raiders-training-camp-2026-intel-updates
49448046,Terry McLaurin,"2026 Washington Commanders training camp: Latest intel, updates","Follow our daily updates from Commanders training camp, including intel on QBs, position battles and potential breakouts.",2026-08-08T20:19:30Z,False,https://www.espn.com/nfl/story/_/id/49448046/washington-commanders-training-camp-2026-intel-updates
49447878,Patrick Mahomes,"2026 Kansas City Chiefs training camp: Latest intel, updates","Follow our daily updates from Chiefs training camp, including intel on QBs, position battles and potential breakouts.",2026-08-08T21:57:48Z,False,https://www.espn.com/nfl/story/_/id/49447878/kansas-city-chiefs-training-camp-2026-intel-updates
49447878,Jalen Royals,"2026 Kansas City Chiefs training camp: Latest intel, updates","Follow our daily updates from Chiefs training camp, including intel on QBs, position battles and potential breakouts.",2026-08-08T21:57:48Z,False,https://www.espn.com/nfl/story/_/id/49447878/kansas-city-chiefs-training-camp-2026-intel-updates
49447878,Rashee Rice,"2026 Kansas City Chiefs training camp: Latest intel, updates","Follow our daily updates from Chiefs training camp, including intel on QBs, position battles and potential breakouts.",2026-08-08T21:57:48Z,False,https://www.espn.com/nfl/story/_/id/49447878/kansas-city-chiefs-training-camp-2026-intel-updates
49447878,Kenneth Walker III,"2026 Kansas City Chiefs training camp: Latest intel, updates","Follow our daily updates from Chiefs training camp, including intel on QBs, position battles and potential breakouts.",2026-08-08T21:57:48Z,False,https://www.espn.com/nfl/story/_/id/49447878/kansas-city-chiefs-training-camp-2026-intel-updates
49447878,Justin Fields,"2026 Kansas City Chiefs training camp: Latest intel, updates","Follow our daily updates from Chiefs training camp, including intel on QBs, position battles and potential breakouts.",2026-08-08T21:57:48Z,False,https://www.espn.com/nfl/story/_/id/49447878/kansas-city-chiefs-training-camp-2026-intel-updates
49562628,Luther Burden,Bears' Luther Burden III injured after tangle with Stevenson,Bears WR Luther Burden III left practice early Saturday with what appeared to be a lower-body injury after tangling with CB Tyrique Stevenson.,2026-08-08T19:59:57Z,True,https://www.espn.com/nfl/story/_/id/49562628/bears-luther-burden-iii-injured-tangle-stevenson
49419756,Breece Hall,"2026 New York Jets training camp: Latest intel, updates","Follow our daily updates from Jets training camp, including intel on QBs, position battles and potential breakouts.",2026-08-08T20:24:32Z,False,https://www.espn.com/nfl/story/_/id/49419756/new-york-jets-training-camp-2026-intel-updates
49419756,Geno Smith,"2026 New York Jets training camp: Latest intel, updates","Follow our daily updates from Jets training camp, including intel on QBs, position battles and potential breakouts.",2026-08-08T20:24:32Z,False,https://www.espn.com/nfl/story/_/id/49419756/new-york-jets-training-camp-2026-intel-updates
49410015,Malik Willis,"2026 Miami Dolphins training camp: Latest intel, updates","Follow our daily updates from Dolphins training camp, including intel on QBs, position battles and potential breakouts.",2026-08-08T19:34:23Z,False,https://www.espn.com/nfl/story/_/id/49410015/miami-dolphins-training-camp-2026-intel-updates
49410015,De'Von Achane,"2026 Miami Dolphins training camp: Latest intel, updates","Follow our daily updates from Dolphins training camp, including intel on QBs, position battles and potential breakouts.",2026-08-08T19:34:23Z,False,https://www.espn.com/nfl/story/_/id/49410015/miami-dolphins-training-camp-2026-intel-updates
49410015,Caleb Douglas,"2026 Miami Dolphins training camp: Latest intel, updates","Follow our daily updates from Dolphins training camp, including intel on QBs, position battles and potential breakouts.",2026-08-08T19:34:23Z,False,https://www.espn.com/nfl/story/_/id/49410015/miami-dolphins-training-camp-2026-intel-updates
49410015,Quinn Ewers,"2026 Miami Dolphins training camp: Latest intel, updates","Follow our daily updates from Dolphins training camp, including intel on QBs, position battles and potential breakouts.",2026-08-08T19:34:23Z,False,https://www.espn.com/nfl/story/_/id/49410015/miami-dolphins-training-camp-2026-intel-updates
